ticker,date,open,high,low,close
FLUX,2022-05-14,0.728759,0.747652,0.611774,0.696024
FLUX,2022-05-15,0.698021,0.86279,0.690962,0.755093
FLUX,2022-05-16,0.759088,0.792048,0.693098,0.728052
FLUX,2022-05-17,0.729051,0.773993,0.695095,0.740037
FLUX,2022-05-18,0.738039,0.758089,0.640167,0.659142
FLUX,2022-05-19,0.658077,0.745254,0.629181,0.703366
FLUX,2022-05-20,0.700069,0.756842,0.63797,0.663436
FLUX,2022-05-21,0.664402,0.706139,0.655313,0.692299
FLUX,2022-05-22,0.691001,0.707408,0.670128,0.68218
FLUX,2022-05-23,0.688173,0.744255,0.685177,0.69916
FLUX,2022-05-24,0.698091,0.749025,0.66327,0.729051
FLUX,2022-05-25,0.725982,0.897012,0.721061,0.734191
FLUX,2022-05-26,0.735117,0.746104,0.663203,0.686313
FLUX,2022-05-27,0.683116,0.68961,0.628308,0.650184
FLUX,2022-05-28,0.650358,0.661671,0.635351,0.651344
FLUX,2022-05-29,0.650825,0.677488,0.638661,0.673059
FLUX,2022-05-30,0.673252,0.730189,0.670269,0.715499
FLUX,2022-05-31,0.719696,0.735958,0.681255,0.692246
FLUX,2022-06-01,0.6933,0.706184,0.641458,0.656009
FLUX,2022-06-02,0.652347,0.757318,0.651048,0.717354
FLUX,2022-06-03,0.717354,0.746328,0.651387,0.66642
FLUX,2022-06-04,0.666426,0.67739,0.650316,0.675493
FLUX,2022-06-05,0.6755,0.678389,0.651459,0.665374
FLUX,2022-06-06,0.665374,0.694409,0.655521,0.668431
FLUX,2022-06-07,0.667432,0.674494,0.635472,0.674447
FLUX,2022-06-08,0.673454,0.679463,0.640577,0.652576
FLUX,2022-06-09,0.653575,0.661411,0.640494,0.646457
FLUX,2022-06-10,0.64645,0.648468,0.583363,0.608208
FLUX,2022-06-11,0.608227,0.626254,0.552314,0.570355
FLUX,2022-06-12,0.572358,0.576348,0.501297,0.530342
FLUX,2022-06-13,0.529348,0.529348,0.399104,0.422412
FLUX,2022-06-14,0.422412,0.561191,0.404413,0.433479
FLUX,2022-06-15,0.435477,0.476475,0.412257,0.475286
FLUX,2022-06-16,0.474288,0.478377,0.437474,0.445376
FLUX,2022-06-17,0.426406,0.46041,0.423215,0.452461
FLUX,2022-06-18,0.45346,0.460456,0.379468,0.404344
FLUX,2022-06-19,0.404344,0.437474,0.394435,0.433479
FLUX,2022-06-20,0.43248,0.493407,0.427444,0.436519
FLUX,2022-06-21,0.437518,0.492458,0.433523,0.4545
FLUX,2022-06-22,0.453501,0.455544,0.430526,0.435564
FLUX,2022-06-23,0.43956,0.461538,0.432567,0.457542
FLUX,2022-06-24,0.457542,0.480692,0.457542,0.473626
FLUX,2022-06-25,0.473526,0.480687,0.450698,0.474667
FLUX,2022-06-26,0.474658,0.521645,0.465734,0.477708
FLUX,2022-06-27,0.478708,0.478708,0.44559,0.4546
FLUX,2022-06-28,0.454586,0.464582,0.439468,0.443454
FLUX,2022-06-29,0.443449,0.443449,0.419416,0.431482
FLUX,2022-06-30,0.431477,0.43248,0.396504,0.405513
FLUX,2022-07-01,0.405513,0.441425,0.400519,0.424532
FLUX,2022-07-02,0.424532,0.428485,0.411506,0.428485
FLUX,2022-07-03,0.428485,0.436432,0.40747,0.423449
FLUX,2022-07-04,0.422408,0.43248,0.409467,0.429484
FLUX,2022-07-05,0.431482,0.438473,0.415501,0.434522
FLUX,2022-07-06,0.434522,0.460493,0.422492,0.430526
FLUX,2022-07-07,0.430526,0.46672,0.427486,0.457725
FLUX,2022-07-08,0.458725,0.472716,0.434739,0.458725
FLUX,2022-07-09,0.458725,0.469718,0.449685,0.460723
FLUX,2022-07-10,0.458725,0.460723,0.429742,0.437737
FLUX,2022-07-11,0.437737,0.439692,0.418707,0.419622
FLUX,2022-07-12,0.418623,0.422577,0.401558,0.405594
FLUX,2022-07-13,0.405606,0.450549,0.394566,0.422619
FLUX,2022-07-14,0.422619,0.48371,0.416666,0.452683
FLUX,2022-07-15,0.453728,0.467719,0.432697,0.443867
FLUX,2022-07-16,0.446866,0.455909,0.428871,0.450865
FLUX,2022-07-17,0.449978,0.467878,0.440325,0.457876
FLUX,2022-07-18,0.460876,0.519922,0.451842,0.466893
FLUX,2022-07-19,0.467888,0.503,0.466888,0.49708
FLUX,2022-07-20,0.498,0.533165,0.476005,0.491025
FLUX,2022-07-21,0.491054,0.491123,0.467023,0.490118
FLUX,2022-07-22,0.488817,0.506395,0.479558,0.487207
FLUX,2022-07-23,0.4878,0.528016,0.473643,0.511102
FLUX,2022-07-24,0.511102,0.51801,0.50303,0.506096
FLUX,2022-07-25,0.506501,0.511102,0.468128,0.475638
FLUX,2022-07-26,0.474747,0.476943,0.449813,0.459269
FLUX,2022-07-27,0.458969,0.507998,0.458364,0.497019
FLUX,2022-07-28,0.497824,0.525268,0.489393,0.512002
FLUX,2022-07-29,0.511928,0.549066,0.505401,0.522214
FLUX,2022-07-30,0.521208,0.579197,0.520208,0.542184
FLUX,2022-07-31,0.542163,0.648188,0.53415,0.591136
FLUX,2022-08-01,0.590142,0.779203,0.563253,0.669207
FLUX,2022-08-02,0.6672,0.69525,0.596149,0.611104
FLUX,2022-08-03,0.613123,0.641115,0.611128,0.621149
FLUX,2022-08-04,0.620143,0.624168,0.575046,0.581023
FLUX,2022-08-05,0.581023,0.619124,0.580017,0.606115
FLUX,2022-08-06,0.606115,0.619124,0.604079,0.613135
FLUX,2022-08-07,0.613141,0.626844,0.591436,0.623919
FLUX,2022-08-08,0.623112,0.663133,0.610179,0.646078
FLUX,2022-08-09,0.646078,0.646078,0.593101,0.61813
FLUX,2022-08-10,0.620724,0.901252,0.616423,0.750217
FLUX,2022-08-11,0.750225,0.780343,0.728218,0.756355
FLUX,2022-08-12,0.756378,0.980461,0.745298,0.899414
FLUX,2022-08-13,0.903415,1.23559,0.903397,1.00639
FLUX,2022-08-14,1.00739,1.20646,1.00037,1.05533
FLUX,2022-08-15,1.05432,1.08928,0.959221,0.977234
FLUX,2022-08-16,0.977225,0.995139,0.917156,0.928084
FLUX,2022-08-17,0.929084,1.1051,0.928074,1.05407
FLUX,2022-08-18,1.05007,1.15605,0.977932,1.01701
FLUX,2022-08-19,1.0141,1.0141,0.824082,0.825082
FLUX,2022-08-20,0.828033,0.950048,0.814951,0.899991
FLUX,2022-08-21,0.898982,0.924732,0.869861,0.890973
FLUX,2022-08-22,0.891973,0.897018,0.820934,0.83585
FLUX,2022-08-23,0.835875,0.868087,0.813992,0.850025
FLUX,2022-08-24,0.852,0.879947,0.817959,0.861077
FLUX,2022-08-25,0.861069,1.00586,0.846992,0.927028
FLUX,2022-08-26,0.929028,1.00008,0.892991,0.904081
FLUX,2022-08-27,0.90409,1.14306,0.883079,0.977029
FLUX,2022-08-28,0.976029,1.12899,0.95501,1.067
FLUX,2022-08-29,1.065,1.132,0.984941,1.03007
FLUX,2022-08-30,1.0331,1.04498,0.95902,0.97409
FLUX,2022-08-31,0.97408,1.03504,0.96906,0.99499
FLUX,2022-09-01,0.99699,0.99899,0.913973,0.950943
FLUX,2022-09-02,0.954952,1.01401,0.948953,0.99612
FLUX,2022-09-03,0.996149,1.0331,0.981147,1.004
FLUX,2022-09-04,1.003,1.18812,1.0,1.146
FLUX,2022-09-05,1.143,1.396,1.088,1.33413
FLUX,2022-09-06,1.33313,1.42714,1.22488,1.237
FLUX,2022-09-07,1.236,1.32399,1.10397,1.28009
FLUX,2022-09-08,1.28108,1.31801,1.225,1.25923
FLUX,2022-09-09,1.2602,1.39056,1.23114,1.34144
FLUX,2022-09-10,1.3415,1.37845,1.2815,1.29626
FLUX,2022-09-11,1.29927,1.3374,1.28346,1.30731
FLUX,2022-09-12,1.30733,1.32034,1.16124,1.19024
FLUX,2022-09-13,1.18936,1.24126,1.09992,1.13102
FLUX,2022-09-14,1.12501,1.29623,1.12001,1.27232
FLUX,2022-09-15,1.27332,1.28129,1.1358,1.17889
FLUX,2022-09-16,1.17692,1.17793,1.03181,1.11989
FLUX,2022-09-17,1.11989,1.122,1.05789,1.09611
FLUX,2022-09-18,1.09611,1.10111,0.9559,0.979
FLUX,2022-09-19,0.976,0.9929,0.896,0.972194
FLUX,2022-09-20,0.972097,0.982196,0.89,0.891089
FLUX,2022-09-21,0.891,1.022,0.872087,0.908
FLUX,2022-09-22,0.910091,0.955,0.895,0.907
FLUX,2022-09-23,0.907,0.94,0.885,0.917
FLUX,2022-09-24,0.916927,0.934019,0.905109,0.913073
FLUX,2022-09-25,0.912,0.917092,0.867035,0.869
FLUX,2022-09-26,0.869991,0.881991,0.826917,0.863
FLUX,2022-09-27,0.863,0.91,0.827,0.840916
FLUX,2022-09-28,0.841,0.858,0.79992,0.842
FLUX,2022-09-29,0.842,0.842,0.79,0.80208
FLUX,2022-09-30,0.803,0.833083,0.80092,0.803
FLUX,2022-10-01,0.804,0.812,0.775,0.7852
FLUX,2022-10-02,0.7866,0.883,0.7848,0.838
FLUX,2022-10-03,0.835,0.862,0.818082,0.850085
FLUX,2022-10-04,0.854085,0.870261,0.837084,0.863259
FLUX,2022-10-05,0.861172,0.862259,0.805,0.821164
FLUX,2022-10-06,0.820164,0.834142,0.800096,0.801136
FLUX,2022-10-07,0.801936,0.833367,0.790942,0.82259
FLUX,2022-10-08,0.824899,0.836775,0.80278,0.810303
FLUX,2022-10-09,0.810303,0.833867,0.790879,0.807261
FLUX,2022-10-10,0.806881,0.809281,0.7674,0.783222
FLUX,2022-10-11,0.7846,0.7846,0.725333,0.728227
FLUX,2022-10-12,0.728205,0.74937,0.707065,0.719629
FLUX,2022-10-13,0.720207,0.728685,0.616563,0.696056
FLUX,2022-10-14,0.695063,0.799064,0.690048,0.780031
FLUX,2022-10-15,0.777023,0.865069,0.75106,0.770039
FLUX,2022-10-16,0.771039,0.780031,0.728007,0.74303
FLUX,2022-10-17,0.742037,0.778078,0.739007,0.745015
FLUX,2022-10-18,0.746022,0.791087,0.74103,0.764046
FLUX,2022-10-19,0.763076,0.763076,0.701056,0.717
FLUX,2022-10-20,0.718993,0.731985,0.689945,0.702951
FLUX,2022-10-21,0.701951,0.701965,0.656954,0.691048
FLUX,2022-10-22,0.692055,0.702014,0.678061,0.686062
FLUX,2022-10-23,0.687062,0.691418,0.659933,0.69109
FLUX,2022-10-24,0.691383,0.714043,0.680768,0.697228
FLUX,2022-10-25,0.697328,0.733876,0.6813,0.714329
FLUX,2022-10-26,0.713342,0.755234,0.707798,0.739207
FLUX,2022-10-27,0.738207,0.742148,0.702021,0.712043
FLUX,2022-10-28,0.71305,0.747149,0.701028,0.739155
FLUX,2022-10-29,0.739148,0.811195,0.731212,0.789189
FLUX,2022-10-30,0.79119,0.815204,0.757151,0.764153
FLUX,2022-10-31,0.765168,0.828992,0.725964,0.734941
FLUX,2022-11-01,0.734963,0.749857,0.710858,0.713929
FLUX,2022-11-02,0.713921,0.725036,0.681973,0.687986
FLUX,2022-11-03,0.688959,0.737911,0.688959,0.703993
FLUX,2022-11-04,0.704986,0.758053,0.699951,0.75106
FLUX,2022-11-05,0.749052,0.762091,0.728015,0.739037
FLUX,2022-11-06,0.73903,0.741037,0.708021,0.709057
FLUX,2022-11-07,0.709057,0.723007,0.686048,0.700084
FLUX,2022-11-08,0.69914,0.710284,0.55088,0.595782
FLUX,2022-11-09,0.59177,0.60258,0.465014,0.486616
FLUX,2022-11-10,0.484012,0.555387,0.403161,0.493722
FLUX,2022-11-11,0.495169,0.53889,0.424607,0.446
FLUX,2022-11-12,0.447089,0.485125,0.437212,0.441204
FLUX,2022-11-13,0.441204,0.449325,0.420874,0.426402
FLUX,2022-11-14,0.426402,0.534251,0.39944,0.469295
FLUX,2022-11-15,0.467298,0.47952,0.444511,0.451548
FLUX,2022-11-16,0.45045,0.470472,0.428614,0.437593
FLUX,2022-11-17,0.4396,0.477632,0.434643,0.454636
FLUX,2022-11-18,0.457661,0.491562,0.45454,0.469459
FLUX,2022-11-19,0.468456,0.476413,0.457455,0.462518
FLUX,2022-11-20,0.464512,0.487356,0.438333,0.439336
FLUX,2022-11-21,0.437334,0.474378,0.418359,0.433479
FLUX,2022-11-22,0.434474,0.447521,0.419492,0.442433
FLUX,2022-11-23,0.44143,0.46545,0.437444,0.460498
FLUX,2022-11-24,0.462495,0.469502,0.442597,0.450626
FLUX,2022-11-25,0.45261,0.453659,0.438693,0.444733
FLUX,2022-11-26,0.444737,0.459669,0.442721,0.448726
FLUX,2022-11-27,0.449735,0.785521,0.447736,0.557643
FLUX,2022-11-28,0.556644,0.57971,0.499755,0.515804
FLUX,2022-11-29,0.514799,0.545667,0.51078,0.5258
FLUX,2022-11-30,0.526794,0.560101,0.518958,0.549027
FLUX,2022-12-01,0.550033,0.597048,0.536048,0.559034
FLUX,2022-12-02,0.558028,0.56105,0.535005,0.541032
FLUX,2022-12-03,0.541022,0.547049,0.528011,0.528053
FLUX,2022-12-04,0.530106,0.604121,0.528053,0.560112
FLUX,2022-12-05,0.558112,0.565169,0.534027,0.537016
FLUX,2022-12-06,0.537011,0.545027,0.524,0.527989
FLUX,2022-12-07,0.526989,0.534,0.50399,0.510995
FLUX,2022-12-08,0.512,0.542054,0.509,0.528037
FLUX,2022-12-09,0.529042,0.532032,0.512015,0.513026
FLUX,2022-12-10,0.51202,0.521005,0.50599,0.50799
FLUX,2022-12-11,0.505995,0.534107,0.505995,0.516052
FLUX,2022-12-12,0.517103,0.519104,0.480038,0.49504
FLUX,2022-12-13,0.494049,0.5251,0.471118,0.50088
FLUX,2022-12-14,0.501854,0.509005,0.490907,0.496035
FLUX,2022-12-15,0.496,0.49705,0.473095,0.475047
FLUX,2022-12-16,0.474047,0.493,0.440088,0.440088
FLUX,2022-12-17,0.442088,0.512056,0.428026,0.471052
FLUX,2022-12-18,0.472061,0.478057,0.442031,0.455059
FLUX,2022-12-19,0.45806,0.45906,0.423004,0.424
FLUX,2022-12-20,0.427,0.46,0.424,0.456018
FLUX,2022-12-21,0.454018,0.454018,0.434996,0.442022
FLUX,2022-12-22,0.443018,0.452995,0.438939,0.445933
FLUX,2022-12-23,0.445924,0.473943,0.444929,0.45495
FLUX,2022-12-24,0.455968,0.465958,0.453955,0.457973
FLUX,2022-12-25,0.457968,0.479962,0.455941,0.46094
FLUX,2022-12-26,0.460945,0.472929,0.457954,0.461908
FLUX,2022-12-27,0.461912,0.473867,0.45883,0.45983
FLUX,2022-12-28,0.461811,0.462824,0.440749,0.441766
FLUX,2022-12-29,0.443765,0.505782,0.441757,0.466785
FLUX,2022-12-30,0.466795,0.495747,0.456781,0.464758
FLUX,2022-12-31,0.464763,0.470764,0.461769,0.463763
FLUX,2023-01-01,0.462769,0.521776,0.462755,0.497766
FLUX,2023-01-02,0.497766,0.516783,0.492798,0.507837
FLUX,2023-01-03,0.505828,0.506838,0.483802,0.493807
FLUX,2023-01-04,0.492813,0.524869,0.492808,0.510831
FLUX,2023-01-05,0.510831,0.521843,0.501784,0.504808
FLUX,2023-01-06,0.505823,0.5128,0.485742,0.508842
FLUX,2023-01-07,0.507832,0.510857,0.492852,0.495881
FLUX,2023-01-08,0.494876,0.506924,0.490926,0.506919
FLUX,2023-01-09,0.506904,0.548978,0.506899,0.535
FLUX,2023-01-10,0.530995,0.542957,0.514938,0.53507
FLUX,2023-01-11,0.538081,0.545044,0.511969,0.522995
FLUX,2023-01-12,0.522963,0.54706,0.519974,0.538059
FLUX,2023-01-13,0.538054,0.586941,0.533053,0.575057
FLUX,2023-01-14,0.573052,0.612086,0.5561,0.584023
FLUX,2023-01-15,0.588029,0.59918,0.561039,0.591177
FLUX,2023-01-16,0.594238,0.699203,0.584169,0.661013
FLUX,2023-01-17,0.659013,0.667027,0.619019,0.63207
FLUX,2023-01-18,0.632063,0.653059,0.556933,0.582965
FLUX,2023-01-19,0.582965,0.679973,0.572006,0.65998
FLUX,2023-01-20,0.660046,0.684103,0.625975,0.678115
FLUX,2023-01-21,0.679122,0.707205,0.66712,0.6681
FLUX,2023-01-22,0.667107,0.685103,0.633114,0.641122
FLUX,2023-01-23,0.641128,0.675081,0.639128,0.671101
FLUX,2023-01-24,0.671094,0.681109,0.630095,0.636025
FLUX,2023-01-25,0.634019,0.668174,0.615031,0.644103
FLUX,2023-01-26,0.643109,0.719072,0.643109,0.682055
FLUX,2023-01-27,0.681061,0.870104,0.657059,0.826405
FLUX,2023-01-28,0.825314,1.12425,0.791142,0.936178
FLUX,2023-01-29,0.940188,1.02219,0.892205,0.923046
FLUX,2023-01-30,0.920046,1.01708,0.816008,0.858051
FLUX,2023-01-31,0.858051,0.945057,0.850043,0.911082
FLUX,2023-02-01,0.911073,0.981088,0.864009,0.969058
FLUX,2023-02-02,0.970049,0.988148,0.910064,0.925167
FLUX,2023-02-03,0.923185,1.05506,0.892991,1.00208
FLUX,2023-02-04,0.99708,1.03208,0.944057,0.951095
FLUX,2023-02-05,0.953076,0.976244,0.885177,0.910228
FLUX,2023-02-06,0.910228,0.944991,0.883097,0.913027
FLUX,2023-02-07,0.912027,0.956,0.896072,0.950048
FLUX,2023-02-08,0.950057,0.993099,0.904018,0.912064
FLUX,2023-02-09,0.910064,0.918028,0.7402,0.747075
FLUX,2023-02-10,0.748067,0.819123,0.745097,0.789118
FLUX,2023-02-11,0.792127,0.846085,0.780109,0.843084
FLUX,2023-02-12,0.840076,0.854085,0.765107,0.786079
FLUX,2023-02-13,0.783078,0.798231,0.710469,0.738399
FLUX,2023-02-14,0.736405,0.808452,0.736405,0.783282
FLUX,2023-02-15,0.78336,0.893152,0.770216,0.866156
FLUX,2023-02-16,0.868156,0.897161,0.800272,0.801272
FLUX,2023-02-17,0.801104,0.937094,0.797231,0.925092
FLUX,2023-02-18,0.924092,0.958134,0.882088,0.890151
FLUX,2023-02-19,0.892152,0.920166,0.853196,0.858189
FLUX,2023-02-20,0.857197,0.900126,0.847229,0.878079
FLUX,2023-02-21,0.876035,0.887133,0.811114,0.827207
FLUX,2023-02-22,0.825149,0.847008,0.772085,0.84
FLUX,2023-02-23,0.84005,0.88608,0.819082,0.824049
FLUX,2023-02-24,0.827099,0.854162,0.787118,0.791992
FLUX,2023-02-25,0.793,0.828,0.790063,0.822058
FLUX,2023-02-26,0.823058,0.836075,0.811008,0.825049
FLUX,2023-02-27,0.825041,0.876026,0.809,0.858043
FLUX,2023-02-28,0.859052,0.896982,0.794064,0.80917
FLUX,2023-03-01,0.80917,0.833092,0.80208,0.821123
FLUX,2023-03-02,0.820115,0.825107,0.762947,0.786031
FLUX,2023-03-03,0.787071,0.79504,0.717065,0.725051
FLUX,2023-03-04,0.724058,0.734073,0.686034,0.694056
FLUX,2023-03-05,0.705056,0.725051,0.696084,0.699084
FLUX,2023-03-06,0.698077,0.708979,0.688117,0.692958
FLUX,2023-03-07,0.69491,0.706993,0.657901,0.666033
FLUX,2023-03-08,0.66698,0.677932,0.633968,0.635968
FLUX,2023-03-09,0.634905,0.682816,0.613865,0.624062
FLUX,2023-03-10,0.622056,0.627094,0.581953,0.62326
FLUX,2023-03-11,0.624283,0.638762,0.578908,0.595285
FLUX,2023-03-12,0.595367,0.633947,0.594773,0.630956
FLUX,2023-03-13,0.632085,0.691218,0.622573,0.678044
FLUX,2023-03-14,0.679647,0.726145,0.652005,0.682802
FLUX,2023-03-15,0.683908,0.705615,0.625367,0.636714
FLUX,2023-03-16,0.635633,0.657666,0.630192,0.651554
FLUX,2023-03-17,0.651593,0.689665,0.646419,0.684046
FLUX,2023-03-18,0.687667,0.711917,0.673808,0.676022
FLUX,2023-03-19,0.674009,0.681945,0.632887,0.658905
FLUX,2023-03-20,0.660997,0.666072,0.619197,0.626278
FLUX,2023-03-21,0.628279,0.637908,0.599239,0.633013
FLUX,2023-03-22,0.63201,0.641077,0.597591,0.610742
FLUX,2023-03-23,0.609702,0.629243,0.604538,0.623362
FLUX,2023-03-24,0.625304,0.631355,0.591662,0.602614
FLUX,2023-03-25,0.601685,0.610854,0.585661,0.58857
FLUX,2023-03-26,0.587569,0.63153,0.585567,0.622703
FLUX,2023-03-27,0.625688,0.687543,0.595399,0.609286
FLUX,2023-03-28,0.609286,0.619223,0.594184,0.614239
FLUX,2023-03-29,0.614239,0.635159,0.613159,0.634108
FLUX,2023-03-30,0.63319,0.647078,0.600072,0.610171
FLUX,2023-03-31,0.610171,0.618167,0.596173,0.61713
FLUX,2023-04-01,0.61813,0.626088,0.604187,0.617228
FLUX,2023-04-02,0.617228,0.624256,0.596405,0.598377
FLUX,2023-04-03,0.598371,0.629252,0.586275,0.62525
FLUX,2023-04-04,0.626244,0.714193,0.618111,0.660337
FLUX,2023-04-05,0.658336,0.674222,0.642193,0.657237
FLUX,2023-04-06,0.657151,0.665193,0.633228,0.638223
FLUX,2023-04-07,0.637229,0.643321,0.611452,0.611458
FLUX,2023-04-08,0.611458,0.626326,0.606303,0.609238
FLUX,2023-04-09,0.610238,0.624412,0.603386,0.618371
FLUX,2023-04-10,0.61842,0.637452,0.612483,0.632512
FLUX,2023-04-11,0.633519,0.649558,0.632367,0.63362
FLUX,2023-04-12,0.632626,0.635597,0.612526,0.620477
FLUX,2023-04-13,0.620484,0.643759,0.618544,0.631606
FLUX,2023-04-14,0.633601,0.680741,0.631631,0.656538
FLUX,2023-04-15,0.656544,0.885841,0.655537,0.750668
FLUX,2023-04-16,0.75367,0.755649,0.706586,0.725515
FLUX,2023-04-17,0.726501,0.72756,0.678597,0.68635
FLUX,2023-04-18,0.690407,0.732183,0.684376,0.703127
FLUX,2023-04-19,0.705176,0.711306,0.635324,0.641327
FLUX,2023-04-20,0.643354,0.647162,0.609787,0.618049
FLUX,2023-04-21,0.618025,0.628937,0.599694,0.599934
FLUX,2023-04-22,0.599934,0.641038,0.597006,0.633057
FLUX,2023-04-23,0.631057,0.641103,0.599132,0.60303
FLUX,2023-04-24,0.603012,0.619,0.599114,0.609012
FLUX,2023-04-25,0.608018,0.618043,0.591994,0.60914
FLUX,2023-04-26,0.61014,0.636134,0.588071,0.606194
FLUX,2023-04-27,0.606194,0.626094,0.601204,0.620211
FLUX,2023-04-28,0.619198,0.623237,0.591254,0.60048
FLUX,2023-04-29,0.601457,0.608413,0.594392,0.597358
FLUX,2023-04-30,0.597352,0.628257,0.590389,0.60335
FLUX,2023-05-01,0.605333,0.606297,0.572977,0.579156
FLUX,2023-05-02,0.579151,0.595351,0.576006,0.589359
FLUX,2023-05-03,0.588359,0.594303,0.559184,0.579151
FLUX,2023-05-04,0.579139,0.598114,0.574247,0.575213
FLUX,2023-05-05,0.575213,0.582437,0.56023,0.57152
FLUX,2023-05-06,0.570519,0.581581,0.529815,0.54094
FLUX,2023-05-07,0.542948,0.575805,0.539895,0.545638
FLUX,2023-05-08,0.545643,0.546644,0.488337,0.510398
FLUX,2023-05-09,0.511383,0.519519,0.499449,0.501
FLUX,2023-05-10,0.499185,0.518622,0.482908,0.506485
FLUX,2023-05-11,0.508537,0.514162,0.47843,0.486636
FLUX,2023-05-12,0.486536,0.496908,0.470105,0.493044
FLUX,2023-05-13,0.493504,0.498499,0.484212,0.493056
FLUX,2023-05-14,0.492425,0.517829,0.487052,0.502031
FLUX,2023-05-15,0.50121,0.514311,0.495026,0.496848
FLUX,2023-05-16,0.497128,0.504553,0.492897,0.49989
FLUX,2023-05-17,0.50003,0.511204,0.490115,0.510095
FLUX,2023-05-18,0.510525,0.512906,0.487015,0.494968
FLUX,2023-05-19,0.495288,0.497029,0.485743,0.493793
FLUX,2023-05-20,0.493777,0.503453,0.489391,0.499449
FLUX,2023-05-21,0.498448,0.503302,0.477238,0.481289
FLUX,2023-05-22,0.48124,0.490294,0.474284,0.483241
FLUX,2023-05-23,0.482223,0.494054,0.477129,0.492025
FLUX,2023-05-24,0.491029,0.497005,0.471939,0.480971
FLUX,2023-05-25,0.481971,0.489936,0.472943,0.47701
FLUX,2023-05-26,0.47701,0.493035,0.474038,0.483121
FLUX,2023-05-27,0.484097,0.493158,0.478153,0.483188
FLUX,2023-05-28,0.485194,0.539156,0.484145,0.517114
FLUX,2023-05-29,0.518114,0.545158,0.503065,0.511153
FLUX,2023-05-30,0.511148,0.700189,0.50011,0.590236
FLUX,2023-05-31,0.591236,0.684096,0.5271,0.547104
FLUX,2023-06-01,0.549104,0.550121,0.510077,0.521151
FLUX,2023-06-02,0.522146,0.527169,0.504066,0.519135
FLUX,2023-06-03,0.521146,0.585193,0.51517,0.529212
FLUX,2023-06-04,0.529212,0.558156,0.527169,0.546175
FLUX,2023-06-05,0.54618,0.549148,0.458119,0.48214
FLUX,2023-06-06,0.481139,0.505106,0.469056,0.501145
FLUX,2023-06-07,0.50114,0.505121,0.433022,0.438048
FLUX,2023-06-08,0.439048,0.477014,0.431069,0.464084
FLUX,2023-06-09,0.463088,0.47309,0.444911,0.449914
FLUX,2023-06-10,0.448919,0.448996,0.388272,0.421248
FLUX,2023-06-11,0.419243,0.423237,0.404154,0.415166
FLUX,2023-06-12,0.41417,0.427,0.398139,0.424017
FLUX,2023-06-13,0.423017,0.435017,0.41288,0.419945
FLUX,2023-06-14,0.41995,0.425825,0.40096,0.408963
FLUX,2023-06-15,0.410967,0.411963,0.387573,0.405639
FLUX,2023-06-16,0.405635,0.411604,0.39449,0.405679
FLUX,2023-06-17,0.405683,0.425719,0.405675,0.418828
FLUX,2023-06-18,0.419824,0.421827,0.403911,0.404907
FLUX,2023-06-19,0.404899,0.414871,0.401887,0.411872
FLUX,2023-06-20,0.412872,0.424064,0.399828,0.419063
FLUX,2023-06-21,0.420063,0.454927,0.42005,0.442031
FLUX,2023-06-22,0.442057,0.462032,0.438982,0.450095
FLUX,2023-06-23,0.45009,0.494257,0.442088,0.479278
FLUX,2023-06-24,0.481284,0.49024,0.455246,0.46029
FLUX,2023-06-25,0.460253,0.480245,0.459239,0.464148
FLUX,2023-06-26,0.464135,0.472033,0.449108,0.458101
FLUX,2023-06-27,0.456091,0.480058,0.456091,0.475085
FLUX,2023-06-28,0.47509,0.477043,0.432974,0.435983
FLUX,2023-06-29,0.436974,0.45395,0.432965,0.438925
FLUX,2023-06-30,0.439925,0.464884,0.421857,0.448825
FLUX,2023-07-01,0.449843,0.463949,0.444831,0.458
FLUX,2023-07-02,0.457995,0.461995,0.446964,0.453041
FLUX,2023-07-03,0.451041,0.470164,0.451041,0.466033
FLUX,2023-07-04,0.467037,0.467037,0.446085,0.448094
FLUX,2023-07-05,0.44909,0.462074,0.432978,0.43707
FLUX,2023-07-06,0.439079,0.455009,0.421017,0.423962
FLUX,2023-07-07,0.424983,0.425983,0.410037,0.419013
FLUX,2023-07-08,0.418038,0.444044,0.415021,0.420067
FLUX,2023-07-09,0.420067,0.424085,0.416042,0.417075
FLUX,2023-07-10,0.416079,0.417058,0.393,0.408
FLUX,2023-07-11,0.407045,0.416033,0.398044,0.401012
FLUX,2023-07-12,0.401016,0.432974,0.399968,0.422983
FLUX,2023-07-13,0.422992,0.445969,0.417954,0.43617
FLUX,2023-07-14,0.43717,0.448193,0.409143,0.418196
FLUX,2023-07-15,0.417208,0.430151,0.412157,0.417125
FLUX,2023-07-16,0.418121,0.431164,0.411144,0.412194
FLUX,2023-07-17,0.412194,0.418159,0.402088,0.413074
FLUX,2023-07-18,0.414075,0.418054,0.404028,0.414091
FLUX,2023-07-19,0.414091,0.425098,0.407984,0.409996
FLUX,2023-07-20,0.410996,0.423021,0.40296,0.407988
FLUX,2023-07-21,0.407971,0.413988,0.404992,0.412004
FLUX,2023-07-22,0.412004,0.413996,0.407033,0.407041
FLUX,2023-07-23,0.407041,0.420987,0.407041,0.413996
FLUX,2023-07-24,0.413988,0.418979,0.389903,0.392957
FLUX,2023-07-25,0.393957,0.405919,0.388953,0.400972
FLUX,2023-07-26,0.402964,0.404,0.392925,0.401012
FLUX,2023-07-27,0.402016,0.407976,0.394917,0.397904
FLUX,2023-07-28,0.398884,0.419891,0.396881,0.416992
FLUX,2023-07-29,0.417987,0.418996,0.407004,0.411
FLUX,2023-07-30,0.410996,0.414021,0.4,0.404968
FLUX,2023-07-31,0.403968,0.410971,0.393921,0.395941
FLUX,2023-08-01,0.397936,0.398964,0.376698,0.3918
FLUX,2023-08-02,0.3918,0.40084,0.379738,0.382782
FLUX,2023-08-03,0.382782,0.396615,0.379783,0.386671
FLUX,2023-08-04,0.384715,0.391608,0.374756,0.377754
FLUX,2023-08-05,0.376755,0.38375,0.364763,0.373004
FLUX,2023-08-06,0.374898,0.398362,0.370518,0.391412
FLUX,2023-08-07,0.389827,0.412504,0.377723,0.387546
FLUX,2023-08-08,0.388545,0.411501,0.387674,0.39794
FLUX,2023-08-09,0.39894,0.414793,0.388806,0.395655
FLUX,2023-08-10,0.396655,0.435538,0.39267,0.426547
FLUX,2023-08-11,0.428541,0.435542,0.404465,0.40855
FLUX,2023-08-12,0.407551,0.411675,0.402782,0.405769
FLUX,2023-08-13,0.405773,0.413694,0.403709,0.409684
FLUX,2023-08-14,0.406678,0.412467,0.400487,0.405533
FLUX,2023-08-15,0.405537,0.406613,0.374595,0.384569
FLUX,2023-08-16,0.384561,0.394585,0.353632,0.3566
FLUX,2023-08-17,0.3566,0.364547,0.308997,0.314721
FLUX,2023-08-18,0.311198,0.327718,0.308562,0.323661
FLUX,2023-08-19,0.322639,0.327811,0.319107,0.322606
FLUX,2023-08-20,0.322606,0.326931,0.317081,0.3186
FLUX,2023-08-21,0.322184,0.331537,0.309435,0.313153
FLUX,2023-08-22,0.314053,0.317186,0.301013,0.3023
FLUX,2023-08-23,0.302397,0.320849,0.302097,0.312344
FLUX,2023-08-24,0.312544,0.325854,0.306135,0.306544
FLUX,2023-08-25,0.307225,0.352457,0.301204,0.323619
FLUX,2023-08-26,0.323219,0.33889,0.317338,0.32103
FLUX,2023-08-27,0.320327,0.324248,0.313743,0.313956
FLUX,2023-08-28,0.313553,0.31772,0.306498,0.312138
FLUX,2023-08-29,0.311938,0.325097,0.306985,0.321371
FLUX,2023-08-30,0.320951,0.328207,0.313444,0.315394
FLUX,2023-08-31,0.3161,0.321574,0.30516,0.306951
FLUX,2023-09-01,0.307951,0.310407,0.300949,0.301746
FLUX,2023-09-02,0.301867,0.309629,0.300974,0.30397
FLUX,2023-09-03,0.30357,0.312728,0.301464,0.305445
FLUX,2023-09-04,0.305345,0.335389,0.304545,0.320107
FLUX,2023-09-05,0.319011,0.335899,0.308787,0.320143
FLUX,2023-09-06,0.319543,0.364056,0.317487,0.346192
FLUX,2023-09-07,0.345989,0.467599,0.341326,0.366213
FLUX,2023-09-08,0.367631,0.375301,0.339967,0.343552
FLUX,2023-09-09,0.344348,0.358785,0.338009,0.338099
FLUX,2023-09-10,0.338095,0.34661,0.327821,0.330078
FLUX,2023-09-11,0.330674,0.330781,0.308323,0.314203
FLUX,2023-09-12,0.313696,0.325899,0.307202,0.3191
FLUX,2023-09-13,0.319371,0.327793,0.313072,0.321964
FLUX,2023-09-14,0.322264,0.325697,0.317265,0.319593
FLUX,2023-09-15,0.319993,0.321522,0.315397,0.31871
FLUX,2023-09-16,0.318406,0.324993,0.316554,0.322729
FLUX,2023-09-17,0.322632,0.323442,0.313478,0.314579
FLUX,2023-09-18,0.314579,0.321739,0.31169,0.316051
FLUX,2023-09-19,0.316451,0.321935,0.31406,0.320445
FLUX,2023-09-20,0.320345,0.333723,0.317178,0.33102
FLUX,2023-09-21,0.331017,0.352886,0.321671,0.321771
FLUX,2023-09-22,0.32299,0.326667,0.318884,0.322977
FLUX,2023-09-23,0.323677,0.33219,0.321103,0.326623
FLUX,2023-09-24,0.326823,0.329013,0.323603,0.325113
FLUX,2023-09-25,0.324816,0.325325,0.316637,0.322922
FLUX,2023-09-26,0.323181,0.324896,0.317747,0.318063
FLUX,2023-09-27,0.318163,0.323238,0.316872,0.317543
FLUX,2023-09-28,0.319264,0.32349,0.31724,0.321703
FLUX,2023-09-29,0.323374,0.325764,0.319487,0.322365
FLUX,2023-09-30,0.321452,0.329133,0.319781,0.326265
FLUX,2023-10-01,0.326262,0.334633,0.322839,0.32954
FLUX,2023-10-02,0.329136,0.356478,0.328639,0.331996
FLUX,2023-10-03,0.332196,0.350904,0.328997,0.333697
FLUX,2023-10-04,0.331827,0.343114,0.317516,0.338017
FLUX,2023-10-05,0.338014,0.347838,0.326359,0.33229
FLUX,2023-10-06,0.33229,0.336418,0.324855,0.334437
FLUX,2023-10-07,0.333743,0.335958,0.326209,0.329181
FLUX,2023-10-08,0.328687,0.357604,0.328687,0.33869
FLUX,2023-10-09,0.338489,0.361205,0.330986,0.337771
FLUX,2023-10-10,0.336767,0.367833,0.33146,0.354339
FLUX,2023-10-11,0.354435,0.373607,0.339918,0.342604
FLUX,2023-10-12,0.342104,0.348627,0.320981,0.32308
FLUX,2023-10-13,0.322874,0.336072,0.321603,0.334423
FLUX,2023-10-14,0.33313,0.334813,0.323968,0.326977
FLUX,2023-10-15,0.326777,0.332787,0.322003,0.326903
FLUX,2023-10-16,0.327016,0.343175,0.324632,0.333437
FLUX,2023-10-17,0.333737,0.338025,0.320708,0.32432
FLUX,2023-10-18,0.32392,0.327941,0.320093,0.320761
FLUX,2023-10-19,0.321267,0.324155,0.315132,0.316924
FLUX,2023-10-20,0.317127,0.327316,0.314229,0.322332
FLUX,2023-10-21,0.321635,0.335768,0.321254,0.334364
FLUX,2023-10-22,0.334364,0.334767,0.323775,0.329209
FLUX,2023-10-23,0.328705,0.342661,0.328579,0.339173
FLUX,2023-10-24,0.338876,0.367833,0.338272,0.359557
FLUX,2023-10-25,0.358957,0.366723,0.350024,0.364084
FLUX,2023-10-26,0.36408,0.371067,0.34901,0.357504
FLUX,2023-10-27,0.358407,0.361618,0.343552,0.351377
FLUX,2023-10-28,0.351481,0.367448,0.35076,0.362258
FLUX,2023-10-29,0.363162,0.380118,0.358872,0.37372
FLUX,2023-10-30,0.374131,0.396967,0.364568,0.39323
FLUX,2023-10-31,0.39273,0.398159,0.356507,0.369455
FLUX,2023-11-01,0.367643,0.382522,0.352806,0.382318
FLUX,2023-11-02,0.381818,0.385104,0.363469,0.366044
FLUX,2023-11-03,0.366948,0.371445,0.353728,0.363542
FLUX,2023-11-04,0.364038,0.378751,0.363056,0.371519
FLUX,2023-11-05,0.371615,0.398531,0.368754,0.387633
FLUX,2023-11-06,0.388407,0.413848,0.380912,0.409811
FLUX,2023-11-07,0.409815,0.409815,0.385858,0.395078
FLUX,2023-11-08,0.395154,0.418496,0.389194,0.417596
FLUX,2023-11-09,0.417596,0.429072,0.378895,0.392167
FLUX,2023-11-10,0.393075,0.416116,0.385373,0.411293
FLUX,2023-11-11,0.41191,0.459148,0.408941,0.436109
FLUX,2023-11-12,0.436113,0.455437,0.422327,0.451581
FLUX,2023-11-13,0.451481,0.467143,0.426272,0.428111
FLUX,2023-11-14,0.42902,0.430256,0.392835,0.411358
FLUX,2023-11-15,0.411078,0.43016,0.408537,0.425374
FLUX,2023-11-16,0.425417,0.438405,0.398784,0.410041
FLUX,2023-11-17,0.409945,0.416813,0.383854,0.406034
FLUX,2023-11-18,0.406338,0.40693,0.381171,0.396094
FLUX,2023-11-19,0.396794,0.417092,0.386917,0.411089
FLUX,2023-11-20,0.411481,0.447491,0.409456,0.413585
FLUX,2023-11-21,0.415883,0.42059,0.384046,0.384046
FLUX,2023-11-22,0.383446,0.424279,0.380348,0.412232
FLUX,2023-11-23,0.412824,0.418959,0.403281,0.418959
FLUX,2023-11-24,0.419559,0.456774,0.41327,0.448995
FLUX,2023-11-25,0.448372,0.544059,0.443363,0.5096
FLUX,2023-11-26,0.510401,0.532498,0.481893,0.510894
FLUX,2023-11-27,0.511594,0.594912,0.481591,0.569711
FLUX,2023-11-28,0.569211,0.579852,0.522421,0.543115
FLUX,2023-11-29,0.543415,0.554116,0.519251,0.535964
FLUX,2023-11-30,0.534364,0.551844,0.528685,0.539654
FLUX,2023-12-01,0.540897,0.567725,0.537307,0.544812
FLUX,2023-12-02,0.544412,0.548769,0.526926,0.536447
FLUX,2023-12-03,0.536241,0.540165,0.492477,0.520382
FLUX,2023-12-04,0.520387,0.530986,0.494854,0.514446
FLUX,2023-12-05,0.515941,0.649,0.512285,0.619968
FLUX,2023-12-06,0.620874,0.634719,0.584153,0.593965
FLUX,2023-12-07,0.594165,0.605988,0.557789,0.586205
FLUX,2023-12-08,0.586299,0.679129,0.57977,0.660211
FLUX,2023-12-09,0.658617,0.669921,0.619292,0.641673
FLUX,2023-12-10,0.643974,0.646255,0.613817,0.6274
FLUX,2023-12-11,0.631632,0.633606,0.57557,0.586154
FLUX,2023-12-12,0.58603,0.616921,0.568528,0.600236
FLUX,2023-12-13,0.60053,0.616749,0.569466,0.61208
FLUX,2023-12-14,0.610898,0.629657,0.598926,0.610992
FLUX,2023-12-15,0.611198,0.614117,0.581592,0.588053
FLUX,2023-12-16,0.586559,0.637798,0.571066,0.621303
FLUX,2023-12-17,0.622202,0.630295,0.585455,0.586701
FLUX,2023-12-18,0.585391,0.58787,0.540475,0.571034
FLUX,2023-12-19,0.570834,0.601253,0.555161,0.580127
FLUX,2023-12-20,0.578416,0.612884,0.569883,0.587718
FLUX,2023-12-21,0.586694,0.607761,0.580846,0.600614
FLUX,2023-12-22,0.602714,0.610095,0.581218,0.589571
FLUX,2023-12-23,0.589771,0.613539,0.576607,0.599394
FLUX,2023-12-24,0.600294,0.743068,0.595238,0.636113
FLUX,2023-12-25,0.638515,0.700147,0.628745,0.661145
FLUX,2023-12-26,0.663246,0.670174,0.619888,0.647022
FLUX,2023-12-27,0.649135,0.683573,0.631734,0.660716
FLUX,2023-12-28,0.663511,0.671363,0.607109,0.633023
FLUX,2023-12-29,0.635073,0.682536,0.612475,0.639728
FLUX,2023-12-30,0.639628,0.649794,0.6232,0.635881
FLUX,2023-12-31,0.637481,0.658522,0.618276,0.624038
FLUX,2024-01-01,0.624538,0.651235,0.61817,0.63262
FLUX,2024-01-02,0.635346,0.681332,0.634559,0.645239
FLUX,2024-01-03,0.645139,0.673629,0.572289,0.590819
FLUX,2024-01-04,0.591236,0.610762,0.569153,0.61072
FLUX,2024-01-05,0.610695,0.612573,0.5454,0.562233
FLUX,2024-01-06,0.56444,0.575697,0.529782,0.557534
FLUX,2024-01-07,0.556534,0.5771,0.525236,0.525236
FLUX,2024-01-08,0.526437,0.548772,0.488749,0.536877
FLUX,2024-01-09,0.537278,0.540748,0.495249,0.510153
FLUX,2024-01-10,0.510094,0.565864,0.494053,0.565841
FLUX,2024-01-11,0.565841,0.582733,0.538729,0.555822
FLUX,2024-01-12,0.55505,0.588494,0.53919,0.555133
FLUX,2024-01-13,0.557654,0.566238,0.544031,0.564265
FLUX,2024-01-14,0.561865,0.638361,0.553878,0.623501
FLUX,2024-01-15,0.622601,0.638119,0.579494,0.585461
FLUX,2024-01-16,0.586554,0.601394,0.568464,0.599034
FLUX,2024-01-17,0.600204,0.603249,0.56603,0.572621
FLUX,2024-01-18,0.573326,0.592976,0.531877,0.553141
FLUX,2024-01-19,0.553146,0.553146,0.516578,0.541463
FLUX,2024-01-20,0.541364,0.564337,0.534718,0.563132
FLUX,2024-01-21,0.562438,0.72138,0.557804,0.604225
FLUX,2024-01-22,0.60342,0.611778,0.547337,0.552808
FLUX,2024-01-23,0.555505,0.58284,0.518992,0.548922
FLUX,2024-01-24,0.551209,0.571703,0.542395,0.553534
FLUX,2024-01-25,0.555822,0.62971,0.544936,0.570786
FLUX,2024-01-26,0.568593,0.60417,0.56369,0.592164
FLUX,2024-01-27,0.592076,0.614822,0.589735,0.599394
FLUX,2024-01-28,0.596494,0.608478,0.574937,0.592605
FLUX,2024-01-29,0.593211,0.6045,0.581749,0.6025
FLUX,2024-01-30,0.602,0.609884,0.589488,0.589488
FLUX,2024-01-31,0.589688,0.596954,0.560231,0.565172
FLUX,2024-02-01,0.564333,0.578363,0.557509,0.573139
FLUX,2024-02-02,0.57214,0.585102,0.566571,0.581603
FLUX,2024-02-03,0.583973,0.587765,0.572388,0.572905
FLUX,2024-02-04,0.573299,0.580109,0.560093,0.562164
FLUX,2024-02-05,0.562464,0.577393,0.547392,0.549979
FLUX,2024-02-06,0.550278,0.574567,0.550278,0.558727
FLUX,2024-02-07,0.558616,0.586413,0.556877,0.580284
FLUX,2024-02-08,0.580067,0.591288,0.568923,0.580016
FLUX,2024-02-09,0.580116,0.615563,0.577669,0.615563
FLUX,2024-02-10,0.614368,0.618146,0.58913,0.611877
FLUX,2024-02-11,0.611771,0.623293,0.598379,0.603169
FLUX,2024-02-12,0.602175,0.637163,0.5974,0.630871
FLUX,2024-02-13,0.631471,0.651024,0.617405,0.648553
FLUX,2024-02-14,0.64946,0.661295,0.632341,0.65691
FLUX,2024-02-15,0.658018,0.71222,0.649665,0.684388
FLUX,2024-02-16,0.686096,0.750443,0.67765,0.717145
FLUX,2024-02-17,0.718832,0.725479,0.690424,0.716057
FLUX,2024-02-18,0.716065,0.889116,0.710234,0.812189
FLUX,2024-02-19,0.810313,0.975127,0.80837,0.8711
FLUX,2024-02-20,0.870509,0.885212,0.816698,0.84386
FLUX,2024-02-21,0.847569,0.856394,0.771985,0.8016
FLUX,2024-02-22,0.8026,0.89801,0.79326,0.881409
FLUX,2024-02-23,0.882309,0.908018,0.833475,0.870387
FLUX,2024-02-24,0.870678,0.905309,0.834142,0.864791
FLUX,2024-02-25,0.8655,0.946472,0.8605,0.933663
FLUX,2024-02-26,0.934963,0.97659,0.909455,0.962825
FLUX,2024-02-27,0.962825,1.12903,0.962825,1.02941
FLUX,2024-02-28,1.02711,1.08388,0.981669,1.02852
FLUX,2024-02-29,1.03012,1.07846,0.99488,1.00688
FLUX,2024-03-01,1.00768,1.06771,1.00768,1.02549
FLUX,2024-03-02,1.02617,1.03568,0.965889,1.00293
FLUX,2024-03-03,1.00368,1.20045,0.945926,1.06228
FLUX,2024-03-04,1.06498,1.11594,1.02442,1.04304
FLUX,2024-03-05,1.03924,1.04901,0.898431,0.950546
FLUX,2024-03-06,0.949745,1.03542,0.902157,1.02296
FLUX,2024-03-07,1.02071,1.07203,0.98965,1.02328
FLUX,2024-03-08,1.02156,1.06639,1.01281,1.03377
FLUX,2024-03-09,1.03136,1.21331,1.03136,1.19823
FLUX,2024-03-10,1.19652,1.28386,1.1318,1.14287
FLUX,2024-03-11,1.14511,1.25941,1.13639,1.20044
FLUX,2024-03-12,1.20084,1.21583,1.10123,1.1955
FLUX,2024-03-13,1.19378,1.35107,1.17371,1.3323
FLUX,2024-03-14,1.33056,1.46348,1.27069,1.36471
FLUX,2024-03-15,1.35941,1.39453,1.17087,1.31893
FLUX,2024-03-16,1.31522,1.3275,1.1961,1.2723
FLUX,2024-03-17,1.27115,1.68635,1.24698,1.60233
FLUX,2024-03-18,1.6033,1.75924,1.43026,1.4434
FLUX,2024-03-19,1.44431,1.48181,1.26553,1.33723
FLUX,2024-03-20,1.33992,1.45685,1.2716,1.44119
FLUX,2024-03-21,1.39829,1.45462,1.36664,1.38018
FLUX,2024-03-22,1.37997,1.39513,1.25515,1.27688
FLUX,2024-03-23,1.27908,1.36713,1.27598,1.30769
FLUX,2024-03-24,1.30789,1.34592,1.26376,1.34242
FLUX,2024-03-25,1.34112,1.42165,1.33644,1.40278
FLUX,2024-03-26,1.40008,1.45365,1.32929,1.35351
FLUX,2024-03-27,1.35133,1.37149,1.28045,1.29463
FLUX,2024-03-28,1.29412,1.33813,1.26367,1.33538
FLUX,2024-03-29,1.33758,1.36155,1.29857,1.32063
FLUX,2024-03-30,1.32062,1.35017,1.29429,1.29851
FLUX,2024-03-31,1.29901,1.34426,1.29611,1.32456
FLUX,2024-04-01,1.32406,1.33461,1.17172,1.21786
FLUX,2024-04-02,1.21905,1.22086,1.0637,1.10944
FLUX,2024-04-03,1.10944,1.23812,1.08092,1.20305
FLUX,2024-04-04,1.20385,1.22744,1.11446,1.15537
FLUX,2024-04-05,1.15482,1.17288,1.07377,1.10283
FLUX,2024-04-06,1.10362,1.12736,1.09293,1.10236
FLUX,2024-04-07,1.10248,1.17629,1.10194,1.1281
FLUX,2024-04-08,1.12919,1.17596,1.11389,1.17083
FLUX,2024-04-09,1.17073,1.17779,1.07676,1.0908
FLUX,2024-04-10,1.09061,1.11096,1.04077,1.09327
FLUX,2024-04-11,1.09108,1.10903,1.05969,1.06757
FLUX,2024-04-12,1.06677,1.12443,0.871169,0.96708
FLUX,2024-04-13,0.96659,1.0046,0.803917,0.847186
FLUX,2024-04-14,0.853291,0.93231,0.828081,0.894268
FLUX,2024-04-15,0.89867,0.977694,0.852326,0.886651
FLUX,2024-04-16,0.887251,0.924668,0.852884,0.918284
FLUX,2024-04-17,0.917884,0.920613,0.821226,0.891502
FLUX,2024-04-18,0.889802,0.923432,0.853957,0.920576
FLUX,2024-04-19,0.917475,0.952495,0.852091,0.919785
FLUX,2024-04-20,0.915802,0.97375,0.890756,0.96809
FLUX,2024-04-21,0.969291,0.978801,0.933796,0.960563
FLUX,2024-04-22,0.960863,1.02008,0.957605,0.981284
FLUX,2024-04-23,0.985295,1.03516,0.974768,0.979871
FLUX,2024-04-24,0.980771,1.00424,0.927358,0.946229
FLUX,2024-04-25,0.946828,0.963123,0.905647,0.949249
FLUX,2024-04-26,0.949949,0.950848,0.884358,0.932007
FLUX,2024-04-27,0.932207,0.935232,0.881524,0.919372
FLUX,2024-04-28,0.919556,0.9402,0.913286,0.9268
FLUX,2024-04-29,0.924952,0.924952,0.866287,0.875437
FLUX,2024-04-30,0.877337,0.904701,0.816944,0.855686
FLUX,2024-05-01,0.854488,0.868096,0.80831,0.851621
FLUX,2024-05-02,0.852419,0.872017,0.815359,0.868243
FLUX,2024-05-03,0.867443,0.909991,0.849541,0.892975
FLUX,2024-05-04,0.893775,0.918537,0.878767,0.89979
FLUX,2024-05-05,0.90049,0.961906,0.891716,0.940113
FLUX,2024-05-06,0.940213,0.96489,0.911409,0.933019
FLUX,2024-05-07,0.933409,0.958375,0.9156,0.924172
FLUX,2024-05-08,0.924372,0.928235,0.873795,0.885126
FLUX,2024-05-09,0.884926,0.899523,0.845945,0.885158
FLUX,2024-05-10,0.884658,0.911791,0.841456,0.86674
FLUX,2024-05-11,0.86724,0.878563,0.841715,0.841715
FLUX,2024-05-12,0.839624,0.91498,0.837174,0.878222
FLUX,2024-05-13,0.878222,0.904837,0.832867,0.874404
FLUX,2024-05-14,0.873804,0.874813,0.822067,0.827302
FLUX,2024-05-15,0.825903,0.898173,0.815582,0.884221
FLUX,2024-05-16,0.884522,0.901535,0.855248,0.877879
FLUX,2024-05-17,0.877879,0.924511,0.87247,0.906108
FLUX,2024-05-18,0.906008,0.917221,0.88067,0.899053
FLUX,2024-05-19,0.899153,0.899653,0.869491,0.874039
FLUX,2024-05-20,0.872748,0.929963,0.868722,0.926252
FLUX,2024-05-21,0.925261,0.935881,0.891806,0.897567
FLUX,2024-05-22,0.897567,0.930942,0.881853,0.923803
FLUX,2024-05-23,0.922303,0.937069,0.862187,0.903421
FLUX,2024-05-24,0.903421,0.906692,0.864149,0.884594
FLUX,2024-05-25,0.883994,0.952657,0.873934,0.915517
FLUX,2024-05-26,0.917507,0.945212,0.904956,0.937719
FLUX,2024-05-27,0.940733,0.974315,0.929735,0.967412
FLUX,2024-05-28,0.966423,0.993496,0.927023,0.9836
FLUX,2024-05-29,0.984199,1.07804,0.976715,1.01637
FLUX,2024-05-30,1.01647,1.01647,0.946541,0.979257
FLUX,2024-05-31,0.978657,0.984476,0.943435,0.949968
FLUX,2024-06-01,0.950777,0.957895,0.923487,0.936965
FLUX,2024-06-02,0.938754,0.948726,0.905429,0.909917
FLUX,2024-06-03,0.909799,0.95619,0.906565,0.94104
FLUX,2024-06-04,0.94094,0.9745,0.91498,0.9679
FLUX,2024-06-05,0.9677,1.02093,0.9677,1.0037
FLUX,2024-06-06,1.00409,1.06106,0.972403,1.04695
FLUX,2024-06-07,1.04696,1.04765,0.919954,0.940333
FLUX,2024-06-08,0.941751,0.970453,0.912417,0.931298
FLUX,2024-06-09,0.932288,0.936006,0.904401,0.911863
FLUX,2024-06-10,0.912891,0.925424,0.886569,0.896858
FLUX,2024-06-11,0.897058,1.02909,0.834666,0.85842
FLUX,2024-06-12,0.85842,0.92582,0.836125,0.888707
FLUX,2024-06-13,0.891497,0.893696,0.828843,0.833167
FLUX,2024-06-14,0.833067,0.833167,0.722059,0.755471
FLUX,2024-06-15,0.75657,0.763342,0.730669,0.750472
FLUX,2024-06-16,0.750872,0.754547,0.705048,0.718924
FLUX,2024-06-17,0.719024,0.724442,0.656399,0.692974
FLUX,2024-06-18,0.691775,0.698606,0.585418,0.612263
FLUX,2024-06-19,0.611863,0.654912,0.609081,0.63494
FLUX,2024-06-20,0.634546,0.684919,0.626056,0.66213
FLUX,2024-06-21,0.663229,0.669072,0.630883,0.6447
FLUX,2024-06-22,0.645599,0.649862,0.624063,0.630148
FLUX,2024-06-23,0.629985,0.639335,0.590645,0.609673
FLUX,2024-06-24,0.609179,0.627086,0.571945,0.623644
FLUX,2024-06-25,0.624544,0.659269,0.621446,0.654476
FLUX,2024-06-26,0.654776,0.693454,0.610623,0.622476
FLUX,2024-06-27,0.623189,0.673086,0.614102,0.662957
FLUX,2024-06-28,0.661812,0.682267,0.653057,0.668168
FLUX,2024-06-29,0.666471,0.66677,0.622777,0.626726
FLUX,2024-06-30,0.626028,0.636299,0.611528,0.628618
FLUX,2024-07-01,0.628524,0.666812,0.628325,0.657469
FLUX,2024-07-02,0.657696,0.662024,0.62478,0.63019
FLUX,2024-07-03,0.63009,0.66588,0.611842,0.634994
FLUX,2024-07-04,0.634295,0.641887,0.569633,0.584966
FLUX,2024-07-05,0.585366,0.589164,0.485379,0.537243
FLUX,2024-07-06,0.535643,0.581117,0.526463,0.581117
FLUX,2024-07-07,0.583012,0.584247,0.534252,0.538441
FLUX,2024-07-08,0.537846,0.568958,0.511374,0.542451
FLUX,2024-07-09,0.541851,0.555289,0.535004,0.550794
FLUX,2024-07-10,0.550989,0.573291,0.546105,0.559055
FLUX,2024-07-11,0.560761,0.581764,0.551383,0.574783
FLUX,2024-07-12,0.572289,0.596095,0.55135,0.585911
FLUX,2024-07-13,0.586911,0.624006,0.585917,0.619905
FLUX,2024-07-14,0.619586,0.642638,0.612965,0.635335
FLUX,2024-07-15,0.632628,0.658629,0.630321,0.655628
FLUX,2024-07-16,0.657862,0.678773,0.632015,0.653063
FLUX,2024-07-17,0.651576,0.685336,0.647775,0.654059
FLUX,2024-07-18,0.654852,0.679407,0.633849,0.637772
FLUX,2024-07-19,0.637772,0.68959,0.632773,0.674483
FLUX,2024-07-20,0.67439,0.711741,0.67373,0.688589
